Comparison,Category,GO ,Term,Count,%,PValue,Genes,ListTotal,PopHits,PopTotal,FoldEnrichment,Bonferroni,Benjamini,FDR,Regulation
LT 8 dpi,GOTERM_BP_DIRECT,GO:0008283,Cell proliferation,41,4.898446834,1.05E-07,"ENSG00000213145, ENSG00000176890, ENSG00000163739, ENSG00000164171, ENSG00000170312, ENSG00000158402, ENSG00000013810, ENSG00000166851, ENSG00000125726, ENSG00000152936, ENSG00000276043, ENSG00000186469, ENSG00000142945, ENSG00000104320, ENSG00000165304, ENSG00000163808, ENSG00000171094, ENSG00000198176, ENSG00000132646, ENSG00000156970, ENSG00000129173, ENSG00000213853, ENSG00000115008, ENSG00000253729, ENSG00000117724, ENSG00000132780, ENSG00000137310, ENSG00000171873, ENSG00000065328, ENSG00000169679, ENSG00000164045, ENSG00000101868, ENSG00000135373, ENSG00000101447, ENSG00000151617, ENSG00000088325, ENSG00000126787, ENSG00000166508, ENSG00000148773, ENSG00000123473, ENSG00000122585",738,366,16792,2.548876746,0.000302,1.04E-05,1.01E-05,up
LTtr 8 dpi,GOTERM_BP_DIRECT,GO:0008283,Cell proliferation,40,4.246284501,3.42E-06,"ENSG00000213145, ENSG00000176890, ENSG00000163739, ENSG00000113356, ENSG00000164171, ENSG00000168393, ENSG00000170312, ENSG00000138675, ENSG00000173207, ENSG00000158402, ENSG00000013810, ENSG00000166851, ENSG00000152936, ENSG00000276043, ENSG00000186469, ENSG00000142945, ENSG00000140465, ENSG00000165304, ENSG00000101670, ENSG00000180720, ENSG00000123095, ENSG00000163808, ENSG00000198176, ENSG00000132646, ENSG00000129173, ENSG00000213853, ENSG00000115008, ENSG00000132780, ENSG00000137310, ENSG00000171873, ENSG00000164045, ENSG00000123975, ENSG00000101868, ENSG00000135373, ENSG00000101447, ENSG00000088325, ENSG00000166508, ENSG00000183763, ENSG00000182511, ENSG00000123473",815,366,16792,2.251768413,0.010684161,0.000467,0.000458,up
sT 3 dpi,GOTERM_BP_DIRECT,GO:0008283,Cell proliferation,23,6.35359116,2.43E-06,"ENSG00000102096, ENSG00000156970, ENSG00000111845, ENSG00000047936, ENSG00000004487, ENSG00000117724, ENSG00000113356, ENSG00000132780, ENSG00000178999, ENSG00000169679, ENSG00000145604, ENSG00000058056, ENSG00000166851, ENSG00000170515, ENSG00000138442, ENSG00000123975, ENSG00000117450, ENSG00000124207, ENSG00000101447, ENSG00000088325, ENSG00000126787, ENSG00000142945, ENSG00000148773",323,366,16792,3.26698134,0.003470422,0.000304,0.000298,up
sT+LT 3 dpi,GOTERM_BP_DIRECT,GO:0008285,Negative regulation of cell proliferation,19,6.291390728,0.000102,"ENSG00000128342, ENSG00000049249, ENSG00000213024, ENSG00000163739, ENSG00000090530, ENSG00000115008, ENSG00000159388, ENSG00000136244, ENSG00000213949, ENSG00000125538, ENSG00000165891, ENSG00000125347, ENSG00000119917, ENSG00000169429, ENSG00000124882, ENSG00000141510, ENSG00000140464, ENSG00000094804, ENSG00000092969",277,396,16792,2.908580389,0.157314666,0.006846116,0.006690429,up
LT 3 dpi,GOTERM_BP_DIRECT,GO:0051301,Cell division,33,3.36,0,"ENSG00000111859, ENSG00000174672, ENSG00000197771, ENSG00000112029, ENSG00000152240, ENSG00000075131, ENSG00000212916, ENSG00000097046, ENSG00000249115, ENSG00000198924, ENSG00000175305, ENSG00000120539, ENSG00000119969, ENSG00000105173, ENSG00000184445, ENSG00000149636, ENSG00000094804, ENSG00000135913, ENSG00000196074, ENSG00000133739, ENSG00000111602, ENSG00000119397, ENSG00000165730, ENSG00000079335, ENSG00000108055, ENSG00000145241, ENSG00000142856, ENSG00000164649, ENSG00000100297, ENSG00000144354, ENSG00000183765, ENSG00000123374, ENSG00000105486",829,350,16792,1.91,0.83,0.03,0.03,up
LT 8 dpi,GOTERM_BP_DIRECT,GO:0051301,Cell division,76,9.08004779,2.41E-31,"ENSG00000072501, ENSG00000118193, ENSG00000113810, ENSG00000075131, ENSG00000097046, ENSG00000158402, ENSG00000076382, ENSG00000175305, ENSG00000100749, ENSG00000013810, ENSG00000117650, ENSG00000184661, ENSG00000151849, ENSG00000119969, ENSG00000142945, ENSG00000164611, ENSG00000094804, ENSG00000196074, ENSG00000136824, ENSG00000156970, ENSG00000047410, ENSG00000237649, ENSG00000117724, ENSG00000168061, ENSG00000169679, ENSG00000143228, ENSG00000170779, ENSG00000186871, ENSG00000138160, ENSG00000088325, ENSG00000108055, ENSG00000145241, ENSG00000164109, ENSG00000142856, ENSG00000144354, ENSG00000100297, ENSG00000129534, ENSG00000112029, ENSG00000152240, ENSG00000080986, ENSG00000138778, ENSG00000146918, ENSG00000134057, ENSG00000165480, ENSG00000203760, ENSG00000170312, ENSG00000157456, ENSG00000249115, ENSG00000198924, ENSG00000117399, ENSG00000122952, ENSG00000134690, ENSG00000105173, ENSG00000087586, ENSG00000184445, ENSG00000149636, ENSG00000135913, ENSG00000214367, ENSG00000174442, ENSG00000109805, ENSG00000133739, ENSG00000146670, ENSG00000111602, ENSG00000010292, ENSG00000131351, ENSG00000119397, ENSG00000162063, ENSG00000149948, ENSG00000164045, ENSG00000165730, ENSG00000138182, ENSG00000101447, ENSG00000121152, ENSG00000164649, ENSG00000123374, ENSG00000105486",738,350,16792,4.940735579,6.94E-28,3.47E-28,3.38E-28,up
LTtr 3 dpi,GOTERM_BP_DIRECT,GO:0051301,Cell division,39,5.918057663,8.7E-11,"ENSG00000111859, ENSG00000174672, ENSG00000197771, ENSG00000112029, ENSG00000152240, ENSG00000146918, ENSG00000075131, ENSG00000097046, ENSG00000249115, ENSG00000198924, ENSG00000175305, ENSG00000160072, ENSG00000122952, ENSG00000120539, ENSG00000119969, ENSG00000105173, ENSG00000184445, ENSG00000149636, ENSG00000149679, ENSG00000094804, ENSG00000135913, ENSG00000196074, ENSG00000134508, ENSG00000133739, ENSG00000137814, ENSG00000111602, ENSG00000112576, ENSG00000131351, ENSG00000151503, ENSG00000168061, ENSG00000164045, ENSG00000170779, ENSG00000079335, ENSG00000142856, ENSG00000164649, ENSG00000100297, ENSG00000144354, ENSG00000123374, ENSG00000105486",550,350,16792,3.402015584,2.12E-07,1.52E-08,1.48E-08,up
sT 3 dpi,GOTERM_BP_DIRECT,GO:0051301,Cell division,44,12.15469613,1.23E-22,"ENSG00000104147, ENSG00000175063, ENSG00000108106, ENSG00000180198, ENSG00000118193, ENSG00000080986, ENSG00000113810, ENSG00000134057, ENSG00000165480, ENSG00000157456, ENSG00000076382, ENSG00000186185, ENSG00000117399, ENSG00000117650, ENSG00000122952, ENSG00000134690, ENSG00000168476, ENSG00000184661, ENSG00000159055, ENSG00000142945, ENSG00000087586, ENSG00000089685, ENSG00000161888, ENSG00000164611, ENSG00000156970, ENSG00000237649, ENSG00000010292, ENSG00000134222, ENSG00000111665, ENSG00000117724, ENSG00000153107, ENSG00000151503, ENSG00000162063, ENSG00000169679, ENSG00000166582, ENSG00000123975, ENSG00000138182, ENSG00000101447, ENSG00000088325, ENSG00000179051, ENSG00000164109, ENSG00000128944, ENSG00000145386, ENSG00000144354",323,350,16792,6.535586024,1.76E-19,1.76E-19,1.73E-19,up
LTtr 8 dpi,GOTERM_BP_DIRECT,GO:0051301,Cell division,73,7.749469214,2.91E-26,"ENSG00000104147, ENSG00000108106, ENSG00000113810, ENSG00000075131, ENSG00000097046, ENSG00000173207, ENSG00000158402, ENSG00000013810, ENSG00000117650, ENSG00000184661, ENSG00000151849, ENSG00000119969, ENSG00000159055, ENSG00000154839, ENSG00000142945, ENSG00000164611, ENSG00000094804, ENSG00000196074, ENSG00000136824, ENSG00000168061, ENSG00000143228, ENSG00000116670, ENSG00000170779, ENSG00000138160, ENSG00000088325, ENSG00000164109, ENSG00000142856, ENSG00000144354, ENSG00000100297, ENSG00000129534, ENSG00000112029, ENSG00000152240, ENSG00000080986, ENSG00000138778, ENSG00000146918, ENSG00000134057, ENSG00000203760, ENSG00000170312, ENSG00000157456, ENSG00000249115, ENSG00000198924, ENSG00000122952, ENSG00000120539, ENSG00000105173, ENSG00000087586, ENSG00000184445, ENSG00000161888, ENSG00000149636, ENSG00000149679, ENSG00000105255, ENSG00000135913, ENSG00000174442, ENSG00000109805, ENSG00000134508, ENSG00000133739, ENSG00000111602, ENSG00000010292, ENSG00000134222, ENSG00000131351, ENSG00000151503, ENSG00000119397, ENSG00000136122, ENSG00000162063, ENSG00000149948, ENSG00000164045, ENSG00000165730, ENSG00000123975, ENSG00000138182, ENSG00000101447, ENSG00000121152, ENSG00000164649, ENSG00000123374, ENSG00000105486",815,350,16792,4.297339176,9.14E-23,4.57E-23,4.48E-23,up
sT 3 dpi,GOTERM_BP_DIRECT,GO:0007067,Mitotic nuclear division,35,9.668508287,1.36E-19,"ENSG00000104147, ENSG00000180198, ENSG00000080986, ENSG00000165480, ENSG00000157456, ENSG00000178999, ENSG00000117399, ENSG00000117650, ENSG00000166851, ENSG00000166197, ENSG00000168476, ENSG00000184661, ENSG00000168078, ENSG00000159055, ENSG00000142945, ENSG00000087586, ENSG00000089685, ENSG00000161888, ENSG00000164611, ENSG00000156970, ENSG00000111665, ENSG00000117724, ENSG00000153107, ENSG00000162063, ENSG00000169679, ENSG00000011426, ENSG00000166582, ENSG00000138182, ENSG00000101447, ENSG00000088325, ENSG00000179051, ENSG00000138180, ENSG00000145386, ENSG00000079616, ENSG00000149503",323,248,16792,7.336961949,1.94E-16,9.72E-17,9.53E-17,up
LT 8 dpi,GOTERM_BP_DIRECT,GO:0007067,Mitotic nuclear division,58,6.929510155,1.18E-25,"ENSG00000075131, ENSG00000158402, ENSG00000100749, ENSG00000117650, ENSG00000184661, ENSG00000119969, ENSG00000142945, ENSG00000164611, ENSG00000094804, ENSG00000163808, ENSG00000156970, ENSG00000047410, ENSG00000066279, ENSG00000117724, ENSG00000168061, ENSG00000169679, ENSG00000143228, ENSG00000186871, ENSG00000138160, ENSG00000088325, ENSG00000108055, ENSG00000145241, ENSG00000142856, ENSG00000079616, ENSG00000129534, ENSG00000112029, ENSG00000152240, ENSG00000164949, ENSG00000080986, ENSG00000146918, ENSG00000165480, ENSG00000203760, ENSG00000170312, ENSG00000157456, ENSG00000249115, ENSG00000198924, ENSG00000117399, ENSG00000166851, ENSG00000168078, ENSG00000087586, ENSG00000184445, ENSG00000135913, ENSG00000214367, ENSG00000174442, ENSG00000133739, ENSG00000146670, ENSG00000111602, ENSG00000131351, ENSG00000162063, ENSG00000149948, ENSG00000164045, ENSG00000165730, ENSG00000011426, ENSG00000138182, ENSG00000101447, ENSG00000127337, ENSG00000138180, ENSG00000123374",738,248,16792,5.321356762,3.38E-22,8.46E-23,8.24E-23,up
LTtr 8 dpi,GOTERM_BP_DIRECT,GO:0007067,Mitotic nuclear division,53,5.626326964,1.18E-19,"ENSG00000104147, ENSG00000213024, ENSG00000075131, ENSG00000158402, ENSG00000117650, ENSG00000184661, ENSG00000119969, ENSG00000159055, ENSG00000154839, ENSG00000142945, ENSG00000164611, ENSG00000094804, ENSG00000163808, ENSG00000066279, ENSG00000168061, ENSG00000143228, ENSG00000116670, ENSG00000138160, ENSG00000088325, ENSG00000142856, ENSG00000079616, ENSG00000129534, ENSG00000112029, ENSG00000152240, ENSG00000164949, ENSG00000080986, ENSG00000146918, ENSG00000203760, ENSG00000170312, ENSG00000157456, ENSG00000249115, ENSG00000198924, ENSG00000166851, ENSG00000120539, ENSG00000087586, ENSG00000184445, ENSG00000161888, ENSG00000105255, ENSG00000135913, ENSG00000174442, ENSG00000133739, ENSG00000111602, ENSG00000131351, ENSG00000136122, ENSG00000162063, ENSG00000149948, ENSG00000164045, ENSG00000165730, ENSG00000138182, ENSG00000101447, ENSG00000138180, ENSG00000123374, ENSG00000149503",815,248,16792,4.403206016,3.71E-16,9.27E-17,9.08E-17,up
LT 8 dpi,GOTERM_BP_DIRECT,GO:0000082,G1/S transition of mitotic cell cycle,38,4.540023895,1.28E-24,"ENSG00000099901, ENSG00000073111, ENSG00000112029, ENSG00000176890, ENSG00000076003, ENSG00000006634, ENSG00000170312, ENSG00000097046, ENSG00000175305, ENSG00000100526, ENSG00000085840, ENSG00000125885, ENSG00000105173, ENSG00000177084, ENSG00000094804, ENSG00000128059, ENSG00000135913, ENSG00000132646, ENSG00000112118, ENSG00000091651, ENSG00000198056, ENSG00000146670, ENSG00000132383, ENSG00000117748, ENSG00000104738, ENSG00000065328, ENSG00000164045, ENSG00000101868, ENSG00000228716, ENSG00000171848, ENSG00000100479, ENSG00000166508, ENSG00000093009, ENSG00000100297, ENSG00000123374, ENSG00000167513, ENSG00000106399, ENSG00000014138",738,102,16792,8.476752219,3.67E-21,6.12E-22,5.97E-22,up
LTtr 3 dpi,GOTERM_BP_DIRECT,GO:0000082,G1/S transition of mitotic cell cycle,30,4.552352049,9.73E-20,"ENSG00000123080, ENSG00000073111, ENSG00000112029, ENSG00000176890, ENSG00000076003, ENSG00000097046, ENSG00000175305, ENSG00000085840, ENSG00000125885, ENSG00000146143, ENSG00000105173, ENSG00000177084, ENSG00000094804, ENSG00000135913, ENSG00000132646, ENSG00000112118, ENSG00000198056, ENSG00000117748, ENSG00000104738, ENSG00000164045, ENSG00000147889, ENSG00000101868, ENSG00000228716, ENSG00000100479, ENSG00000166508, ENSG00000100297, ENSG00000123374, ENSG00000167513, ENSG00000106399, ENSG00000014138",550,102,16792,8.979679144,2.37E-16,4.74E-17,4.64E-17,up
LTtr 8 dpi,GOTERM_BP_DIRECT,GO:0000082,G1/S transition of mitotic cell cycle,37,3.927813163,4.62E-22,"ENSG00000099901, ENSG00000123080, ENSG00000073111, ENSG00000112029, ENSG00000176890, ENSG00000076003, ENSG00000006634, ENSG00000170312, ENSG00000097046, ENSG00000100526, ENSG00000085840, ENSG00000125885, ENSG00000105173, ENSG00000177084, ENSG00000094804, ENSG00000128059, ENSG00000129355, ENSG00000135913, ENSG00000132646, ENSG00000112118, ENSG00000091651, ENSG00000198056, ENSG00000132383, ENSG00000104738, ENSG00000164045, ENSG00000147889, ENSG00000101868, ENSG00000228716, ENSG00000070808, ENSG00000100479, ENSG00000166508, ENSG00000093009, ENSG00000100297, ENSG00000123374, ENSG00000167513, ENSG00000106399, ENSG00000014138",815,102,16792,7.473884278,1.45E-18,4.84E-19,4.74E-19,up
sT+LT 3 dpi,GOTERM_BP_DIRECT,GO:0000082,G1/S transition of mitotic cell cycle,14,4.635761589,1.22E-08,"ENSG00000135913, ENSG00000112118, ENSG00000073111, ENSG00000076003, ENSG00000104738, ENSG00000175305, ENSG00000101868, ENSG00000100479, ENSG00000166508, ENSG00000177084, ENSG00000100297, ENSG00000094804, ENSG00000014138, ENSG00000145632",277,102,16792,8.320520988,2.05E-05,2.92E-06,2.86E-06,up
sT+LTtr 9/12 dpi,GOTERM_BP_DIRECT,GO:0000082,G1/S transition of mitotic cell cycle,19,6.643356643,2.2E-14,"ENSG00000099901, ENSG00000102096, ENSG00000132646, ENSG00000112118, ENSG00000198056, ENSG00000073111, ENSG00000076003, ENSG00000104738, ENSG00000175305, ENSG00000164045, ENSG00000147889, ENSG00000101868, ENSG00000085840, ENSG00000105173, ENSG00000166508, ENSG00000177084, ENSG00000123374, ENSG00000094804, ENSG00000128059",262,102,16792,11.93863194,3.57E-11,3.58E-11,3.5E-11,up
sT+LTtr 9/12 dpi,GOTERM_BP_DIRECT,GO:0006270,DNA replication initiation,12,4.195804196,1E-12,"ENSG00000198056, ENSG00000112118, ENSG00000101868, ENSG00000073111, ENSG00000085840, ENSG00000076003, ENSG00000166508, ENSG00000177084, ENSG00000105173, ENSG00000104738, ENSG00000094804, ENSG00000175305",262,32,16792,24.03435115,1.63E-09,8.13E-10,7.97E-10,up
sT+LTtr 9/12 dpi,GOTERM_BP_DIRECT,GO:0006260,DNA replication,20,6.993006993,3.7E-12,"ENSG00000163918, ENSG00000132646, ENSG00000112118, ENSG00000092201, ENSG00000073111, ENSG00000049541, ENSG00000076003, ENSG00000104738, ENSG00000132780, ENSG00000159259, ENSG00000062822, ENSG00000164045, ENSG00000101868, ENSG00000085840, ENSG00000168496, ENSG00000166508, ENSG00000177084, ENSG00000123374, ENSG00000162521, ENSG00000094804",262,155,16792,8.269884265,6E-09,2E-09,1.96E-09,up
LT 3 dpi,GOTERM_BP_DIRECT,GO:0006260,DNA replication,48,4.89,0,"ENSG00000163918, ENSG00000177302, ENSG00000213689, ENSG00000077514, ENSG00000073111, ENSG00000049541, ENSG00000076003, ENSG00000075131, ENSG00000175643, ENSG00000097046, ENSG00000159259, ENSG00000163781, ENSG00000167325, ENSG00000138376, ENSG00000085840, ENSG00000136492, ENSG00000168496, ENSG00000181938, ENSG00000125885, ENSG00000149554, ENSG00000177084, ENSG00000094804, ENSG00000012048, ENSG00000143476, ENSG00000104320, ENSG00000132646, ENSG00000112118, ENSG00000105821, ENSG00000035928, ENSG00000111602, ENSG00000117748, ENSG00000131153, ENSG00000104738, ENSG00000111445, ENSG00000132780, ENSG00000178966, ENSG00000101868, ENSG00000100479, ENSG00000167670, ENSG00000092853, ENSG00000166508, ENSG00000100297, ENSG00000123374, ENSG00000167513, ENSG00000166801, ENSG00000106399, ENSG00000105486, ENSG00000014138",829,155,16792,6.27,0,0,0,up
LTtr 8 dpi,GOTERM_BP_DIRECT,GO:0006260,DNA replication,61,6.475583864,1.11E-38,"ENSG00000163918, ENSG00000077514, ENSG00000073111, ENSG00000197299, ENSG00000006634, ENSG00000075131, ENSG00000097046, ENSG00000159259, ENSG00000158402, ENSG00000062822, ENSG00000167325, ENSG00000164053, ENSG00000136492, ENSG00000168496, ENSG00000181938, ENSG00000125885, ENSG00000177084, ENSG00000127586, ENSG00000012048, ENSG00000094804, ENSG00000128951, ENSG00000133119, ENSG00000091651, ENSG00000112118, ENSG00000132383, ENSG00000104738, ENSG00000132780, ENSG00000101868, ENSG00000092853, ENSG00000100297, ENSG00000166801, ENSG00000106399, ENSG00000177302, ENSG00000049541, ENSG00000104889, ENSG00000076003, ENSG00000175643, ENSG00000170312, ENSG00000172613, ENSG00000163781, ENSG00000138376, ENSG00000085840, ENSG00000149554, ENSG00000147536, ENSG00000205309, ENSG00000160957, ENSG00000132646, ENSG00000111602, ENSG00000131153, ENSG00000111445, ENSG00000178966, ENSG00000138346, ENSG00000164045, ENSG00000100479, ENSG00000167670, ENSG00000166508, ENSG00000093009, ENSG00000123374, ENSG00000167513, ENSG00000105486, ENSG00000014138",815,155,16792,8.108545419,3.5E-35,3.5E-35,3.43E-35,up
sT+LT 3 dpi,GOTERM_BP_DIRECT,GO:0006260,DNA replication,22,7.284768212,1.04E-13,"ENSG00000177302, ENSG00000112118, ENSG00000077514, ENSG00000073111, ENSG00000076003, ENSG00000111445, ENSG00000104738, ENSG00000159259, ENSG00000062822, ENSG00000163781, ENSG00000101868, ENSG00000100479, ENSG00000181938, ENSG00000109079, ENSG00000092853, ENSG00000166508, ENSG00000177084, ENSG00000100297, ENSG00000148229, ENSG00000143476, ENSG00000094804, ENSG00000014138",277,155,16792,8.604262257,1.75E-10,5.82E-11,5.68E-11,up
LT 8 dpi,GOTERM_BP_DIRECT,GO:0006260,DNA replication,71,8.482676225,1.6E-53,"ENSG00000174371, ENSG00000163918, ENSG00000077514, ENSG00000073111, ENSG00000197299, ENSG00000006634, ENSG00000075131, ENSG00000097046, ENSG00000159259, ENSG00000158402, ENSG00000198900, ENSG00000062822, ENSG00000167325, ENSG00000164053, ENSG00000136492, ENSG00000168496, ENSG00000181938, ENSG00000125885, ENSG00000177084, ENSG00000149136, ENSG00000127586, ENSG00000012048, ENSG00000143476, ENSG00000094804, ENSG00000128951, ENSG00000133119, ENSG00000091651, ENSG00000112118, ENSG00000105821, ENSG00000132383, ENSG00000136982, ENSG00000104738, ENSG00000132780, ENSG00000101868, ENSG00000092853, ENSG00000100297, ENSG00000166801, ENSG00000106399, ENSG00000177302, ENSG00000049541, ENSG00000104889, ENSG00000076003, ENSG00000170312, ENSG00000163781, ENSG00000138376, ENSG00000085840, ENSG00000149554, ENSG00000147536, ENSG00000104320, ENSG00000160957, ENSG00000132646, ENSG00000092201, ENSG00000035928, ENSG00000111602, ENSG00000117748, ENSG00000131153, ENSG00000111445, ENSG00000065328, ENSG00000178966, ENSG00000138346, ENSG00000164045, ENSG00000171848, ENSG00000100479, ENSG00000167670, ENSG00000140534, ENSG00000166508, ENSG00000093009, ENSG00000123374, ENSG00000167513, ENSG00000105486, ENSG00000014138",738,155,16792,10.42251945,4.6E-50,4.6E-50,4.48E-50,up
LTtr 3 dpi,GOTERM_BP_DIRECT,GO:0006260,DNA replication,51,7.738998483,3.42E-36,"ENSG00000163918, ENSG00000077514, ENSG00000073111, ENSG00000075131, ENSG00000097046, ENSG00000159259, ENSG00000062822, ENSG00000167325, ENSG00000136492, ENSG00000168496, ENSG00000181938, ENSG00000125885, ENSG00000177084, ENSG00000012048, ENSG00000094804, ENSG00000151164, ENSG00000112118, ENSG00000104738, ENSG00000132780, ENSG00000101868, ENSG00000100297, ENSG00000166801, ENSG00000106399, ENSG00000177302, ENSG00000213689, ENSG00000049541, ENSG00000104889, ENSG00000076003, ENSG00000175643, ENSG00000172613, ENSG00000163781, ENSG00000138376, ENSG00000085840, ENSG00000149554, ENSG00000205309, ENSG00000160957, ENSG00000132646, ENSG00000111602, ENSG00000117748, ENSG00000131153, ENSG00000111445, ENSG00000178966, ENSG00000138346, ENSG00000164045, ENSG00000100479, ENSG00000167670, ENSG00000166508, ENSG00000123374, ENSG00000167513, ENSG00000105486, ENSG00000014138",550,155,16792,10.04565396,8.35E-33,8.35E-33,8.17E-33,up
sT 3 dpi,GOTERM_BP_DIRECT,GO:0007062,Sister chromatid cohesion,20,5.524861878,7.94E-14,"ENSG00000100162, ENSG00000156970, ENSG00000080986, ENSG00000117724, ENSG00000111581, ENSG00000178999, ENSG00000169679, ENSG00000117399, ENSG00000115163, ENSG00000166851, ENSG00000122952, ENSG00000134690, ENSG00000179051, ENSG00000142945, ENSG00000164109, ENSG00000089685, ENSG00000013573, ENSG00000161888, ENSG00000079616, ENSG00000149503",323,103,16792,10.09468274,1.13E-10,2.27E-11,2.23E-11,up
LT 8 dpi,GOTERM_BP_DIRECT,GO:0007062,Sister chromatid cohesion,33,3.94265233,3.89E-19,"ENSG00000102384, ENSG00000100162, ENSG00000077935, ENSG00000072501, ENSG00000080986, ENSG00000138778, ENSG00000117399, ENSG00000121621, ENSG00000166851, ENSG00000122952, ENSG00000134690, ENSG00000151725, ENSG00000142945, ENSG00000184445, ENSG00000108384, ENSG00000013573, ENSG00000149636, ENSG00000153044, ENSG00000174442, ENSG00000156970, ENSG00000146670, ENSG00000117724, ENSG00000169679, ENSG00000143228, ENSG00000188312, ENSG00000186871, ENSG00000123219, ENSG00000031691, ENSG00000108055, ENSG00000145241, ENSG00000164109, ENSG00000142856, ENSG00000079616",738,103,16792,7.289920278,1.12E-15,1.4E-16,1.36E-16,up
LT 3 dpi,GOTERM_BP_DIRECT,GO:0006281,DNA repair,34,3.46,0,"ENSG00000221829, ENSG00000095002, ENSG00000213689, ENSG00000131944, ENSG00000076248, ENSG00000129484, ENSG00000134574, ENSG00000159259, ENSG00000163781, ENSG00000168411, ENSG00000100206, ENSG00000115392, ENSG00000116062, ENSG00000168496, ENSG00000276043, ENSG00000126215, ENSG00000149554, ENSG00000177084, ENSG00000108384, ENSG00000013573, ENSG00000012048, ENSG00000104320, ENSG00000111445, ENSG00000064655, ENSG00000129071, ENSG00000101868, ENSG00000187741, ENSG00000100479, ENSG00000167670, ENSG00000108055, ENSG00000092853, ENSG00000123374, ENSG00000106399, ENSG00000105486",829,235,16792,2.93,0,0,0,up
LT 8 dpi,GOTERM_BP_DIRECT,GO:0006281,DNA repair,59,7.048984468,8.11E-28,"ENSG00000174371, ENSG00000072501, ENSG00000129484, ENSG00000197299, ENSG00000154920, ENSG00000159259, ENSG00000154767, ENSG00000077152, ENSG00000062822, ENSG00000143799, ENSG00000168411, ENSG00000115392, ENSG00000169188, ENSG00000168496, ENSG00000140525, ENSG00000276043, ENSG00000126215, ENSG00000177084, ENSG00000108384, ENSG00000149136, ENSG00000013573, ENSG00000164611, ENSG00000012048, ENSG00000132383, ENSG00000132781, ENSG00000064655, ENSG00000051180, ENSG00000101868, ENSG00000280789, ENSG00000051341, ENSG00000108055, ENSG00000092853, ENSG00000079616, ENSG00000144554, ENSG00000106399, ENSG00000221829, ENSG00000095002, ENSG00000076248, ENSG00000196584, ENSG00000134574, ENSG00000170312, ENSG00000163781, ENSG00000100206, ENSG00000116062, ENSG00000149554, ENSG00000104320, ENSG00000160957, ENSG00000096401, ENSG00000092201, ENSG00000111206, ENSG00000111247, ENSG00000111445, ENSG00000085999, ENSG00000187741, ENSG00000100479, ENSG00000167670, ENSG00000140534, ENSG00000123374, ENSG00000105486",738,235,16792,5.712552615,2.33E-24,7.78E-25,7.58E-25,up
LTtr 3 dpi,GOTERM_BP_DIRECT,GO:0006281,DNA repair,41,6.2215478,5.49E-18,"ENSG00000221829, ENSG00000095002, ENSG00000213689, ENSG00000076248, ENSG00000129484, ENSG00000196584, ENSG00000134574, ENSG00000159259, ENSG00000172613, ENSG00000077152, ENSG00000062822, ENSG00000163781, ENSG00000168411, ENSG00000100206, ENSG00000115392, ENSG00000182185, ENSG00000116062, ENSG00000168496, ENSG00000140525, ENSG00000276043, ENSG00000126215, ENSG00000149554, ENSG00000177084, ENSG00000178295, ENSG00000013573, ENSG00000012048, ENSG00000151164, ENSG00000160957, ENSG00000111247, ENSG00000111445, ENSG00000132781, ENSG00000064655, ENSG00000051180, ENSG00000085999, ENSG00000101868, ENSG00000187741, ENSG00000100479, ENSG00000167670, ENSG00000123374, ENSG00000106399, ENSG00000105486",550,235,16792,5.326669246,1.34E-14,2.23E-15,2.18E-15,up
sT+LT 3 dpi,GOTERM_BP_DIRECT,GO:0006281,DNA repair,14,4.635761589,0.000144,"ENSG00000159388, ENSG00000134574, ENSG00000111445, ENSG00000159259, ENSG00000062822, ENSG00000163781, ENSG00000168411, ENSG00000101868, ENSG00000187741, ENSG00000100479, ENSG00000169188, ENSG00000092853, ENSG00000177084, ENSG00000013573",277,235,16792,3.611460174,0.213543668,0.008896326,0.008694016,up
LTtr 8 dpi,GOTERM_BP_DIRECT,GO:0006281,DNA repair,51,5.414012739,3.13E-19,"ENSG00000129484, ENSG00000197299, ENSG00000154920, ENSG00000159259, ENSG00000077152, ENSG00000062822, ENSG00000143799, ENSG00000168411, ENSG00000115392, ENSG00000169188, ENSG00000168496, ENSG00000140525, ENSG00000276043, ENSG00000126215, ENSG00000177084, ENSG00000108384, ENSG00000178295, ENSG00000013573, ENSG00000164611, ENSG00000012048, ENSG00000132383, ENSG00000132781, ENSG00000064655, ENSG00000051180, ENSG00000101868, ENSG00000092853, ENSG00000079616, ENSG00000106399, ENSG00000221829, ENSG00000106268, ENSG00000095002, ENSG00000076248, ENSG00000196584, ENSG00000170312, ENSG00000172613, ENSG00000163781, ENSG00000100206, ENSG00000116062, ENSG00000149554, ENSG00000160957, ENSG00000039650, ENSG00000111206, ENSG00000111247, ENSG00000111445, ENSG00000140451, ENSG00000085999, ENSG00000187741, ENSG00000100479, ENSG00000167670, ENSG00000123374, ENSG00000105486",815,235,16792,4.471437149,9.81E-16,1.96E-16,1.92E-16,up
sT 3 dpi,GOTERM_BP_DIRECT,GO:0006281,DNA repair,20,5.524861878,1.44E-07,"ENSG00000092201, ENSG00000239306, ENSG00000196584, ENSG00000111206, ENSG00000181163, ENSG00000132383, ENSG00000107949, ENSG00000111445, ENSG00000159259, ENSG00000185480, ENSG00000062822, ENSG00000116750, ENSG00000140451, ENSG00000143799, ENSG00000168411, ENSG00000051341, ENSG00000140534, ENSG00000013573, ENSG00000079616, ENSG00000164611",323,235,16792,4.424477966,0.000206,2.29E-05,2.25E-05,up
LTtr 3 dpi,GOTERM_BP_DIRECT,GO:0006974,Cellular response to DNA damage stimulus,26,3.945371775,2.04E-08,"ENSG00000185507, ENSG00000221829, ENSG00000068028, ENSG00000075131, ENSG00000172613, ENSG00000092470, ENSG00000077152, ENSG00000163781, ENSG00000138376, ENSG00000115392, ENSG00000120539, ENSG00000126215, ENSG00000125885, ENSG00000149554, ENSG00000013573, ENSG00000163840, ENSG00000163961, ENSG00000012048, ENSG00000177595, ENSG00000111602, ENSG00000176208, ENSG00000051180, ENSG00000141682, ENSG00000168564, ENSG00000166508, ENSG00000078900",550,208,16792,3.816363636,4.99E-05,2.62E-06,2.57E-06,up
LT 3 dpi,GOTERM_BP_DIRECT,GO:0006351,"Transcription, DNA-templated",151,15.38,0,"ENSG00000185947, ENSG00000198185, ENSG00000111912, ENSG00000149050, ENSG00000198342, ENSG00000156384, ENSG00000197016, ENSG00000175105, ENSG00000176678, ENSG00000159259, ENSG00000196724, ENSG00000197935, ENSG00000029153, ENSG00000167840, ENSG00000167562, ENSG00000081189, ENSG00000055332, ENSG00000276043, ENSG00000012048, ENSG00000196391, ENSG00000257591, ENSG00000196152, ENSG00000030419, ENSG00000170581, ENSG00000136147, ENSG00000159882, ENSG00000113645, ENSG00000159885, ENSG00000152454, ENSG00000133794, ENSG00000144712, ENSG00000081059, ENSG00000159086, ENSG00000180938, ENSG00000144792, ENSG00000121454, ENSG00000183765, ENSG00000164985, ENSG00000096654, ENSG00000163935, ENSG00000196466, ENSG00000132274, ENSG00000157212, ENSG00000156802, ENSG00000118412, ENSG00000189134, ENSG00000163660, ENSG00000203326, ENSG00000106462, ENSG00000140464, ENSG00000180787, ENSG00000105497, ENSG00000131115, ENSG00000173193, ENSG00000171291, ENSG00000197385, ENSG00000121390, ENSG00000152439, ENSG00000137574, ENSG00000204920, ENSG00000197937, ENSG00000138386, ENSG00000165730, ENSG00000149308, ENSG00000171606, ENSG00000223547, ENSG00000186777, ENSG00000130816, ENSG00000164649, ENSG00000182973, ENSG00000167637, ENSG00000256683, ENSG00000173480, ENSG00000185869, ENSG00000198028, ENSG00000196247, ENSG00000177842, ENSG00000197857, ENSG00000157557, ENSG00000141497, ENSG00000197608, ENSG00000151725, ENSG00000081665, ENSG00000119969, ENSG00000013573, ENSG00000163565, ENSG00000183337, ENSG00000080839, ENSG00000135899, ENSG00000105821, ENSG00000173253, ENSG00000182903, ENSG00000155363, ENSG00000104856, ENSG00000196597, ENSG00000188290, ENSG00000168062, ENSG00000064655, ENSG00000173894, ENSG00000137310, ENSG00000105708, ENSG00000196757, ENSG00000110330, ENSG00000171988, ENSG00000121931, ENSG00000162086, ENSG00000277462, ENSG00000142856, ENSG00000124920, ENSG00000144354, ENSG00000198440, ENSG00000148143, ENSG00000196387, ENSG00000115415, ENSG00000005801, ENSG00000177508, ENSG00000198604, ENSG00000165244, ENSG00000251369, ENSG00000204219, ENSG00000250312, ENSG00000054267, ENSG00000167384, ENSG00000048052, ENSG00000101412, ENSG00000050344, ENSG00000123095, ENSG00000198393, ENSG00000177873, ENSG00000067066, ENSG00000130589, ENSG00000256087, ENSG00000213799, ENSG00000035928, ENSG00000198157, ENSG00000111602, ENSG00000196653, ENSG00000005513, ENSG00000197863, ENSG00000189042, ENSG00000156711, ENSG00000171649, ENSG00000205659, ENSG00000167034, ENSG00000158691, ENSG00000165891, ENSG00000010539, ENSG00000127337, ENSG00000121075, ENSG00000161298, ENSG00000183621",829,1955,16792,1.56,0,0,0,up
LT 3 dpi,GOTERM_BP_DIRECT,GO:0006355,"Regulation of transcription, DNA-templated",125,12.73,0,"ENSG00000185947, ENSG00000198185, ENSG00000149050, ENSG00000198342, ENSG00000197016, ENSG00000175105, ENSG00000151014, ENSG00000159259, ENSG00000196724, ENSG00000197935, ENSG00000079263, ENSG00000029153, ENSG00000167840, ENSG00000167562, ENSG00000081189, ENSG00000196391, ENSG00000257591, ENSG00000196152, ENSG00000136147, ENSG00000159882, ENSG00000159885, ENSG00000007237, ENSG00000020633, ENSG00000133794, ENSG00000163132, ENSG00000204301, ENSG00000180938, ENSG00000144792, ENSG00000121454, ENSG00000183765, ENSG00000124201, ENSG00000164985, ENSG00000096654, ENSG00000163935, ENSG00000196466, ENSG00000132274, ENSG00000156802, ENSG00000213928, ENSG00000118412, ENSG00000189134, ENSG00000203326, ENSG00000168310, ENSG00000106462, ENSG00000140464, ENSG00000180787, ENSG00000105497, ENSG00000131115, ENSG00000173193, ENSG00000171291, ENSG00000197385, ENSG00000121390, ENSG00000152439, ENSG00000198879, ENSG00000137574, ENSG00000204920, ENSG00000197937, ENSG00000138386, ENSG00000171606, ENSG00000168564, ENSG00000223547, ENSG00000186777, ENSG00000164649, ENSG00000182973, ENSG00000167637, ENSG00000256683, ENSG00000173480, ENSG00000185869, ENSG00000198028, ENSG00000196247, ENSG00000007968, ENSG00000177842, ENSG00000197857, ENSG00000077150, ENSG00000197608, ENSG00000118513, ENSG00000151725, ENSG00000081665, ENSG00000100784, ENSG00000135899, ENSG00000182903, ENSG00000155363, ENSG00000196597, ENSG00000188290, ENSG00000064655, ENSG00000105708, ENSG00000196757, ENSG00000110330, ENSG00000171988, ENSG00000121931, ENSG00000147509, ENSG00000162086, ENSG00000277462, ENSG00000142856, ENSG00000144354, ENSG00000198440, ENSG00000240747, ENSG00000180353, ENSG00000196387, ENSG00000005801, ENSG00000177508, ENSG00000198604, ENSG00000251369, ENSG00000250312, ENSG00000054267, ENSG00000167384, ENSG00000101412, ENSG00000143498, ENSG00000123095, ENSG00000198393, ENSG00000177873, ENSG00000256087, ENSG00000213799, ENSG00000198157, ENSG00000196653, ENSG00000197863, ENSG00000189042, ENSG00000156711, ENSG00000171649, ENSG00000167034, ENSG00000158691, ENSG00000010539, ENSG00000127337, ENSG00000121075, ENSG00000161298, ENSG00000183621",829,1504,16792,1.68,0,0,0,up
LTtr 8 dpi,GOTERM_BP_DIRECT,GO:0045893,"Positive regulation of transcription, DNA-templated",43,4.564755839,0.00069,"ENSG00000106689, ENSG00000213024, ENSG00000197299, ENSG00000137309, ENSG00000156384, ENSG00000104903, ENSG00000156802, ENSG00000138795, ENSG00000173207, ENSG00000157557, ENSG00000169129, ENSG00000029153, ENSG00000118513, ENSG00000125845, ENSG00000081189, ENSG00000105173, ENSG00000050344, ENSG00000127124, ENSG00000012048, ENSG00000152495, ENSG00000125450, ENSG00000139618, ENSG00000111206, ENSG00000134222, ENSG00000110492, ENSG00000111087, ENSG00000176887, ENSG00000149948, ENSG00000147889, ENSG00000144712, ENSG00000116670, ENSG00000149308, ENSG00000123975, ENSG00000167034, ENSG00000125538, ENSG00000135373, ENSG00000232810, ENSG00000124920, ENSG00000078900, ENSG00000164104, ENSG00000165731, ENSG00000123374, ENSG00000166823",815,515,16792,1.720307344,0.885515742,0.038688753,0.037912513,up
sT 3 dpi,GOTERM_BP_DIRECT,GO:0045944,Positive regulation of transcription from RNA polymerase II promoter,40,8.928571429,0.000149,"ENSG00000153234, ENSG00000105516, ENSG00000106948, ENSG00000115415, ENSG00000105419, ENSG00000171223, ENSG00000112561, ENSG00000172216, ENSG00000141376, ENSG00000176909, ENSG00000166313, ENSG00000012822, ENSG00000120690, ENSG00000102760, ENSG00000140464, ENSG00000136826, ENSG00000175197, ENSG00000112715, ENSG00000108799, ENSG00000148671, ENSG00000069667, ENSG00000181690, ENSG00000170345, ENSG00000118762, ENSG00000140396, ENSG00000163132, ENSG00000164342, ENSG00000171703, ENSG00000118922, ENSG00000118526, ENSG00000172819, ENSG00000087510, ENSG00000188313, ENSG00000137033, ENSG00000090554, ENSG00000108175, ENSG00000221869, ENSG00000105287, ENSG00000070404, ENSG00000145687",361,981,16792,1.896645686,0.238099515,0.030213229,0.03006415,down
sT+LT 3 dpi,GOTERM_BP_DIRECT,GO:0010628,Positive regulation of gene expression,15,4.966887417,0.000116,"ENSG00000115008, ENSG00000136244, ENSG00000137073, ENSG00000164342, ENSG00000184371, ENSG00000168961, ENSG00000125538, ENSG00000173918, ENSG00000168685, ENSG00000232810, ENSG00000130816, ENSG00000164400, ENSG00000141510, ENSG00000107201, ENSG00000092969",277,262,16792,3.470664425,0.175960565,0.007443296,0.007274029,up
sT 8 dpi,GOTERM_BP_DIRECT,GO:0000122,Negative regulation of transcription from RNA polymerase II promoter,56,7.088607595,2.57E-06,"ENSG00000157514, ENSG00000185507, ENSG00000130751, ENSG00000049246, ENSG00000140836, ENSG00000197256, ENSG00000175745, ENSG00000187098, ENSG00000140044, ENSG00000100307, ENSG00000145934, ENSG00000183570, ENSG00000169946, ENSG00000136826, ENSG00000175197, ENSG00000112715, ENSG00000165949, ENSG00000178860, ENSG00000172201, ENSG00000265972, ENSG00000140396, ENSG00000186350, ENSG00000164463, ENSG00000081059, ENSG00000165030, ENSG00000010030, ENSG00000052795, ENSG00000147862, ENSG00000102554, ENSG00000142611, ENSG00000148677, ENSG00000128573, ENSG00000115738, ENSG00000196781, ENSG00000115415, ENSG00000172059, ENSG00000099284, ENSG00000120896, ENSG00000108840, ENSG00000101255, ENSG00000092607, ENSG00000147852, ENSG00000104881, ENSG00000107984, ENSG00000174282, ENSG00000111727, ENSG00000095951, ENSG00000198597, ENSG00000071282, ENSG00000171604, ENSG00000172819, ENSG00000165617, ENSG00000126603, ENSG00000164920, ENSG00000126368, ENSG00000181722",668,720,16792,1.955156354,0.006722472,0.00168629,0.001678578,down
sT 3 dpi,GOTERM_BP_DIRECT,GO:0006364,rRNA processing,27,7.458563536,6.34E-14,"ENSG00000160208, ENSG00000107833, ENSG00000110104, ENSG00000130713, ENSG00000179409, ENSG00000119285, ENSG00000167721, ENSG00000053372, ENSG00000120158, ENSG00000166197, ENSG00000143319, ENSG00000164934, ENSG00000148843, ENSG00000065183, ENSG00000105202, ENSG00000241945, ENSG00000241343, ENSG00000112159, ENSG00000115368, ENSG00000055044, ENSG00000147889, ENSG00000138442, ENSG00000170515, ENSG00000101945, ENSG00000120800, ENSG00000130935, ENSG00000165732",323,214,16792,6.559185209,9.06E-11,2.27E-11,2.22E-11,up
sT 8 dpi,GOTERM_BP_DIRECT,GO:0006364,rRNA processing,27,5.084745763,2.95E-10,"ENSG00000160208, ENSG00000107833, ENSG00000110104, ENSG00000130713, ENSG00000179409, ENSG00000119285, ENSG00000265681, ENSG00000167721, ENSG00000053372, ENSG00000166197, ENSG00000136891, ENSG00000089009, ENSG00000143319, ENSG00000140988, ENSG00000164934, ENSG00000148843, ENSG00000065183, ENSG00000105202, ENSG00000241945, ENSG00000112578, ENSG00000241343, ENSG00000112159, ENSG00000147889, ENSG00000138442, ENSG00000170515, ENSG00000114391, ENSG00000165732",469,214,16792,4.517306658,6.6E-07,6.6E-07,6.57E-07,up
sT 8 dpi,GOTERM_BP_DIRECT,GO:0006457,Protein folding,18,3.389830508,1.2E-05,"ENSG00000183207, ENSG00000135624, ENSG00000155660, ENSG00000164070, ENSG00000096060, ENSG00000115541, ENSG00000004478, ENSG00000115484, ENSG00000151835, ENSG00000106080, ENSG00000156261, ENSG00000126602, ENSG00000146731, ENSG00000143870, ENSG00000166226, ENSG00000109971, ENSG00000163468, ENSG00000108179",469,180,16792,3.580383795,0.026446808,0.006700664,0.006670737,up
sT 8 dpi,GOTERM_BP_DIRECT,GO:0006954,Inflammatory response,27,5.084745763,2.41E-05,"ENSG00000158769, ENSG00000108688, ENSG00000163739, ENSG00000171860, ENSG00000133048, ENSG00000151651, ENSG00000127507, ENSG00000124875, ENSG00000123560, ENSG00000169429, ENSG00000146072, ENSG00000106538, ENSG00000115009, ENSG00000173530, ENSG00000136244, ENSG00000115884, ENSG00000125538, ENSG00000171608, ENSG00000163734, ENSG00000108691, ENSG00000123610, ENSG00000254087, ENSG00000163735, ENSG00000069482, ENSG00000183049, ENSG00000050730, ENSG00000125730",469,379,16792,2.550669195,0.052602083,0.009005906,0.008965683,up
sT+LTtr 9/12 dpi,GOTERM_BP_DIRECT,GO:0006954,Inflammatory response,26,9.090909091,1.24E-09,"ENSG00000158769, ENSG00000108688, ENSG00000073756, ENSG00000108700, ENSG00000175040, ENSG00000163739, ENSG00000171860, ENSG00000172156, ENSG00000133048, ENSG00000151651, ENSG00000134070, ENSG00000144802, ENSG00000101017, ENSG00000124875, ENSG00000169429, ENSG00000115009, ENSG00000136244, ENSG00000145901, ENSG00000125538, ENSG00000171608, ENSG00000163734, ENSG00000108691, ENSG00000163735, ENSG00000050730, ENSG00000125730, ENSG00000163435",262,379,16792,4.396785434,2.02E-06,5.04E-07,4.94E-07,up
LTtr 8 dpi,GOTERM_BP_DIRECT,GO:0006954,Inflammatory response,38,4.033970276,4.23E-05,"ENSG00000073756, ENSG00000049249, ENSG00000125384, ENSG00000104689, ENSG00000163739, ENSG00000064300, ENSG00000106804, ENSG00000151651, ENSG00000134070, ENSG00000169129, ENSG00000077150, ENSG00000169248, ENSG00000144802, ENSG00000125845, ENSG00000169245, ENSG00000160013, ENSG00000163701, ENSG00000124875, ENSG00000100784, ENSG00000141655, ENSG00000054967, ENSG00000237693, ENSG00000081041, ENSG00000169429, ENSG00000160951, ENSG00000152495, ENSG00000183813, ENSG00000154451, ENSG00000115008, ENSG00000174004, ENSG00000115884, ENSG00000143369, ENSG00000118503, ENSG00000125538, ENSG00000119714, ENSG00000232810, ENSG00000163734, ENSG00000163735",815,379,16792,2.065804426,0.124512676,0.004155368,0.004071996,up
LT 3 dpi,GOTERM_BP_DIRECT,GO:0006954,Inflammatory response,51,5.19,0,"ENSG00000110944, ENSG00000073756, ENSG00000106804, ENSG00000171860, ENSG00000077150, ENSG00000134070, ENSG00000163568, ENSG00000100784, ENSG00000164136, ENSG00000163565, ENSG00000169429, ENSG00000127666, ENSG00000152495, ENSG00000128284, ENSG00000104856, ENSG00000171951, ENSG00000196954, ENSG00000164342, ENSG00000100739, ENSG00000125538, ENSG00000163734, ENSG00000108691, ENSG00000163735, ENSG00000050730, ENSG00000130775, ENSG00000125384, ENSG00000104689, ENSG00000163739, ENSG00000150782, ENSG00000169248, ENSG00000169245, ENSG00000048052, ENSG00000081041, ENSG00000104312, ENSG00000067066, ENSG00000154451, ENSG00000115008, ENSG00000104518, ENSG00000136244, ENSG00000174004, ENSG00000123609, ENSG00000157368, ENSG00000003137, ENSG00000172936, ENSG00000168961, ENSG00000118503, ENSG00000119714, ENSG00000232810, ENSG00000109320, ENSG00000271503, ENSG00000123610",829,379,16792,2.73,0,0,0,up
LTtr 3 dpi,GOTERM_BP_DIRECT,GO:0006954,Inflammatory response,28,4.248861912,0.000134,"ENSG00000130775, ENSG00000073756, ENSG00000106804, ENSG00000134070, ENSG00000077150, ENSG00000163485, ENSG00000169248, ENSG00000169245, ENSG00000163568, ENSG00000048052, ENSG00000100784, ENSG00000054967, ENSG00000237693, ENSG00000163565, ENSG00000176170, ENSG00000152495, ENSG00000183813, ENSG00000067066, ENSG00000154451, ENSG00000104856, ENSG00000115008, ENSG00000104518, ENSG00000115884, ENSG00000172936, ENSG00000168961, ENSG00000118503, ENSG00000125538, ENSG00000271503",550,379,16792,2.255581674,0.27923164,0.008395269,0.008212763,up
LT 8 dpi,GOTERM_BP_DIRECT,GO:0006954,Inflammatory response,33,3.94265233,0.000322,"ENSG00000108688, ENSG00000073756, ENSG00000175040, ENSG00000104689, ENSG00000163739, ENSG00000175264, ENSG00000064300, ENSG00000106804, ENSG00000133048, ENSG00000110680, ENSG00000151651, ENSG00000134070, ENSG00000077150, ENSG00000162892, ENSG00000144802, ENSG00000124875, ENSG00000100784, ENSG00000081041, ENSG00000169429, ENSG00000152495, ENSG00000130768, ENSG00000115008, ENSG00000115009, ENSG00000171951, ENSG00000115884, ENSG00000118503, ENSG00000125538, ENSG00000232810, ENSG00000163734, ENSG00000163735, ENSG00000050730, ENSG00000125730, ENSG00000168229",738,379,16792,1.981165669,0.603424346,0.015747644,0.015342454,up
sT+LT 3 dpi,GOTERM_BP_DIRECT,GO:0006954,Inflammatory response,31,10.26490066,1.03E-12,"ENSG00000130775, ENSG00000049249, ENSG00000163739, ENSG00000138755, ENSG00000134070, ENSG00000169248, ENSG00000144802, ENSG00000169245, ENSG00000164251, ENSG00000048052, ENSG00000124875, ENSG00000169429, ENSG00000146072, ENSG00000213694, ENSG00000154451, ENSG00000115008, ENSG00000115009, ENSG00000136244, ENSG00000171951, ENSG00000100739, ENSG00000164342, ENSG00000184371, ENSG00000168961, ENSG00000118503, ENSG00000125538, ENSG00000232810, ENSG00000109320, ENSG00000271503, ENSG00000108691, ENSG00000163735, ENSG00000050730",277,379,16792,4.95844089,1.72E-09,4.3E-10,4.2E-10,up
sT+LT 3 dpi,GOTERM_BP_DIRECT,GO:0006955,Immune response,32,10.59602649,2.83E-12,"ENSG00000049249, ENSG00000163739, ENSG00000263528, ENSG00000103855, ENSG00000138755, ENSG00000111335, ENSG00000008517, ENSG00000111331, ENSG00000169248, ENSG00000169245, ENSG00000120217, ENSG00000089127, ENSG00000109079, ENSG00000124875, ENSG00000169429, ENSG00000181634, ENSG00000146072, ENSG00000128342, ENSG00000115008, ENSG00000115009, ENSG00000136244, ENSG00000198805, ENSG00000125538, ENSG00000121858, ENSG00000168685, ENSG00000006062, ENSG00000232810, ENSG00000147168, ENSG00000271503, ENSG00000108691, ENSG00000163735, ENSG00000164400",277,421,16792,4.607767307,4.72E-09,9.44E-10,9.23E-10,up
sT+LTtr 9/12 dpi,GOTERM_BP_DIRECT,GO:0006955,Immune response,21,7.342657343,1E-05,"ENSG00000108700, ENSG00000163739, ENSG00000115009, ENSG00000136244, ENSG00000172156, ENSG00000163131, ENSG00000198805, ENSG00000125538, ENSG00000121858, ENSG00000125726, ENSG00000108561, ENSG00000108342, ENSG00000163734, ENSG00000101017, ENSG00000124875, ENSG00000163735, ENSG00000108691, ENSG00000169508, ENSG00000164400, ENSG00000169429, ENSG00000125730",262,421,16792,3.196968323,0.016158239,0.001480921,0.001450809,up
LT 3 dpi,GOTERM_BP_DIRECT,GO:0006955,Immune response,53,5.4,0,"ENSG00000213145, ENSG00000263528, ENSG00000100226, ENSG00000102524, ENSG00000163568, ENSG00000164136, ENSG00000169429, ENSG00000007312, ENSG00000170542, ENSG00000151882, ENSG00000163131, ENSG00000198805, ENSG00000126709, ENSG00000081059, ENSG00000125538, ENSG00000121858, ENSG00000165030, ENSG00000006062, ENSG00000101347, ENSG00000162645, ENSG00000163734, ENSG00000108691, ENSG00000163735, ENSG00000104689, ENSG00000163739, ENSG00000111335, ENSG00000008517, ENSG00000132274, ENSG00000171522, ENSG00000150782, ENSG00000111331, ENSG00000169248, ENSG00000169245, ENSG00000120217, ENSG00000089127, ENSG00000234745, ENSG00000081041, ENSG00000181634, ENSG00000104432, ENSG00000128342, ENSG00000115604, ENSG00000115602, ENSG00000115008, ENSG00000136244, ENSG00000174004, ENSG00000123737, ENSG00000204642, ENSG00000168685, ENSG00000223865, ENSG00000232810, ENSG00000271503, ENSG00000226979, ENSG00000164400",829,421,16792,2.55,0,0,0,up
LTtr 3 dpi,GOTERM_BP_DIRECT,GO:0045087,Innate immune response,29,4.40060698,0.000444,"ENSG00000185507, ENSG00000106785, ENSG00000128394, ENSG00000239713, ENSG00000137628, ENSG00000132256, ENSG00000077150, ENSG00000055332, ENSG00000163568, ENSG00000234127, ENSG00000237693, ENSG00000100342, ENSG00000163565, ENSG00000140464, ENSG00000130303, ENSG00000132109, ENSG00000104856, ENSG00000152778, ENSG00000138646, ENSG00000104518, ENSG00000115267, ENSG00000157601, ENSG00000172936, ENSG00000143502, ENSG00000108771, ENSG00000183486, ENSG00000140853, ENSG00000182511, ENSG00000107201",550,430,16792,2.059061311,0.660951962,0.022528616,0.022038864,up
LT 3 dpi,GOTERM_BP_DIRECT,GO:0045087,Innate immune response,41,4.18,0,"ENSG00000185507, ENSG00000110944, ENSG00000106785, ENSG00000128394, ENSG00000239713, ENSG00000137628, ENSG00000243811, ENSG00000116701, ENSG00000132256, ENSG00000077150, ENSG00000234745, ENSG00000055332, ENSG00000163568, ENSG00000234127, ENSG00000100342, ENSG00000163565, ENSG00000127666, ENSG00000140464, ENSG00000104312, ENSG00000130303, ENSG00000132109, ENSG00000197442, ENSG00000104856, ENSG00000152778, ENSG00000138646, ENSG00000104518, ENSG00000173432, ENSG00000174004, ENSG00000157368, ENSG00000196954, ENSG00000115267, ENSG00000157601, ENSG00000172936, ENSG00000164342, ENSG00000143502, ENSG00000102879, ENSG00000109320, ENSG00000108771, ENSG00000183486, ENSG00000140853, ENSG00000107201",829,430,16792,1.93,0.24,0.01,0.01,up
sT+LTtr 9/12 dpi,GOTERM_BP_DIRECT,GO:0070374,Positive regulation of ERK1 and ERK2 cascade,11,3.846153846,0.000419,"ENSG00000111846, ENSG00000108688, ENSG00000108700, ENSG00000141480, ENSG00000115009, ENSG00000136244, ENSG00000108691, ENSG00000172156, ENSG00000169508, ENSG00000133048, ENSG00000090339",262,175,16792,4.028615049,0.493671446,0.027217073,0.026663676,up
sT+LTtr 9/12 dpi,GOTERM_BP_DIRECT,GO:0070098,Chemokine-mediated signaling pathway,10,3.496503497,1.48E-06,"ENSG00000108688, ENSG00000108700, ENSG00000163739, ENSG00000163734, ENSG00000115009, ENSG00000124875, ENSG00000163735, ENSG00000108691, ENSG00000172156, ENSG00000169429",262,71,16792,9.026986346,0.002402588,0.000301,0.000295,up
sT+LTtr 9/12 dpi,GOTERM_BP_DIRECT,GO:0006935,Chemotaxis,12,4.195804196,3.17E-06,"ENSG00000108688, ENSG00000108700, ENSG00000163739, ENSG00000115009, ENSG00000124875, ENSG00000163735, ENSG00000108691, ENSG00000172156, ENSG00000171860, ENSG00000169429, ENSG00000122861, ENSG00000011422",262,122,16792,6.304092104,0.005138924,0.000572,0.000561,up
sT+LTtr 9/12 dpi,GOTERM_BP_DIRECT,GO:0060326,Cell chemotaxis,10,3.496503497,6.9E-07,"ENSG00000134339, ENSG00000108700, ENSG00000163739, ENSG00000141480, ENSG00000115009, ENSG00000124875, ENSG00000163735, ENSG00000108691, ENSG00000171860, ENSG00000128512",262,65,16792,9.860246624,0.001119207,0.00016,0.000157,up
sT+LTtr 9/12 dpi,GOTERM_BP_DIRECT,GO:0030593,Neutrophil chemotaxis,11,3.846153846,6.8E-08,"ENSG00000108688, ENSG00000108700, ENSG00000125538, ENSG00000171608, ENSG00000163734, ENSG00000115009, ENSG00000124126, ENSG00000108691, ENSG00000173432, ENSG00000172156, ENSG00000169429",262,66,16792,10.68193384,0.00011,2.21E-05,2.16E-05,up
sT 3 dpi,GOTERM_BP_DIRECT,GO:0016032,Viral process,16,4.419889503,0.000685,"ENSG00000110104, ENSG00000180198, ENSG00000144381, ENSG00000113569, ENSG00000181163, ENSG00000111581, ENSG00000169679, ENSG00000115163, ENSG00000163002, ENSG00000101945, ENSG00000188486, ENSG00000164163, ENSG00000108561, ENSG00000145386, ENSG00000013573, ENSG00000058804",323,299,16792,2.781946012,0.624631442,0.039180442,0.038412736,up
sT 8 dpi,GOTERM_BP_DIRECT,GO:0009615,Response to virus,16,2.025316456,2.93E-05,"ENSG00000185507, ENSG00000137628, ENSG00000134321, ENSG00000111335, ENSG00000181072, ENSG00000157601, ENSG00000142089, ENSG00000119922, ENSG00000089127, ENSG00000119917, ENSG00000185201, ENSG00000183486, ENSG00000185885, ENSG00000185745, ENSG00000107562, ENSG00000140465",668,110,16792,3.656396298,0.073965831,0.009605378,0.009561451,down
sT+LT 3 dpi,GOTERM_BP_DIRECT,GO:0009615,Response to virus,17,5.629139073,3.22E-11,"ENSG00000130303, ENSG00000137628, ENSG00000134321, ENSG00000116679, ENSG00000111335, ENSG00000105939, ENSG00000111331, ENSG00000115267, ENSG00000135114, ENSG00000089127, ENSG00000232810, ENSG00000119917, ENSG00000271503, ENSG00000183486, ENSG00000108771, ENSG00000185745, ENSG00000107201",277,110,16792,9.368690515,5.38E-08,8.96E-09,8.76E-09,up
sT+LT 3 dpi,GOTERM_BP_DIRECT,GO:0051607,Defense response to virus,24,7.947019868,3.57E-15,"ENSG00000130303, ENSG00000137628, ENSG00000137959, ENSG00000138755, ENSG00000134321, ENSG00000111335, ENSG00000136244, ENSG00000117228, ENSG00000105939, ENSG00000111331, ENSG00000132256, ENSG00000135114, ENSG00000148606, ENSG00000164342, ENSG00000141682, ENSG00000169245, ENSG00000164251, ENSG00000089127, ENSG00000125347, ENSG00000119917, ENSG00000183486, ENSG00000108771, ENSG00000185745, ENSG00000140464",277,165,16792,8.817591073,5.94E-12,5.97E-12,5.83E-12,up
sT 8 dpi,GOTERM_BP_DIRECT,GO:0051607,Defense response to virus,25,3.164556962,3.72E-08,"ENSG00000069431, ENSG00000187608, ENSG00000137628, ENSG00000115415, ENSG00000111335, ENSG00000213928, ENSG00000142089, ENSG00000119922, ENSG00000089127, ENSG00000184584, ENSG00000121361, ENSG00000170581, ENSG00000137959, ENSG00000152778, ENSG00000134321, ENSG00000138646, ENSG00000117226, ENSG00000157601, ENSG00000188313, ENSG00000101347, ENSG00000185201, ENSG00000119917, ENSG00000183486, ENSG00000185885, ENSG00000185745",668,165,16792,3.808746144,9.76E-05,4.88E-05,4.86E-05,down
LT 3 dpi,GOTERM_BP_DIRECT,GO:0051607,Defense response to virus,46,4.68,0,"ENSG00000110944, ENSG00000187608, ENSG00000128394, ENSG00000239713, ENSG00000137628, ENSG00000243811, ENSG00000115415, ENSG00000111335, ENSG00000132274, ENSG00000213928, ENSG00000111331, ENSG00000132256, ENSG00000171855, ENSG00000119922, ENSG00000169245, ENSG00000089127, ENSG00000055332, ENSG00000125347, ENSG00000163565, ENSG00000127666, ENSG00000140464, ENSG00000105497, ENSG00000172183, ENSG00000130303, ENSG00000170581, ENSG00000137959, ENSG00000152778, ENSG00000134321, ENSG00000138646, ENSG00000136244, ENSG00000117228, ENSG00000117226, ENSG00000157601, ENSG00000135114, ENSG00000172716, ENSG00000164342, ENSG00000141682, ENSG00000188313, ENSG00000101347, ENSG00000108771, ENSG00000119917, ENSG00000183486, ENSG00000140853, ENSG00000185885, ENSG00000185745, ENSG00000166801",829,165,16792,5.65,0,0,0,up
sT 3 dpi,GOTERM_BP_DIRECT,GO:0051607,Defense response to virus,24,5.357142857,1.01E-12,"ENSG00000069431, ENSG00000187608, ENSG00000128394, ENSG00000239713, ENSG00000137628, ENSG00000170581, ENSG00000152778, ENSG00000115415, ENSG00000110057, ENSG00000132274, ENSG00000213928, ENSG00000117226, ENSG00000164342, ENSG00000142089, ENSG00000188313, ENSG00000137033, ENSG00000169871, ENSG00000055332, ENSG00000101347, ENSG00000185201, ENSG00000185885, ENSG00000185745, ENSG00000168209, ENSG00000140464",361,165,16792,6.76585243,1.83E-09,9.17E-10,9.13E-10,down
LTtr 3 dpi,GOTERM_BP_DIRECT,GO:0051607,Defense response to virus,37,5.614567527,5.57E-20,"ENSG00000187608, ENSG00000128394, ENSG00000239713, ENSG00000137628, ENSG00000115415, ENSG00000111335, ENSG00000213928, ENSG00000111331, ENSG00000132256, ENSG00000171855, ENSG00000119922, ENSG00000169245, ENSG00000089127, ENSG00000055332, ENSG00000125347, ENSG00000163565, ENSG00000140464, ENSG00000172183, ENSG00000130303, ENSG00000137959, ENSG00000152778, ENSG00000134321, ENSG00000138646, ENSG00000117226, ENSG00000157601, ENSG00000135114, ENSG00000172716, ENSG00000141682, ENSG00000188313, ENSG00000128604, ENSG00000108771, ENSG00000119917, ENSG00000183486, ENSG00000140853, ENSG00000185885, ENSG00000185745, ENSG00000166801",550,165,16792,6.846325069,1.36E-16,4.53E-17,4.43E-17,up
sT+LT 3 dpi,GOTERM_BP_DIRECT,GO:0071222,Cellular response to lipopolysaccharide,14,4.635761589,4.28E-08,"ENSG00000134326, ENSG00000115009, ENSG00000136244, ENSG00000003436, ENSG00000118503, ENSG00000169245, ENSG00000232810, ENSG00000109320, ENSG00000108691, ENSG00000050730, ENSG00000164400, ENSG00000090339, ENSG00000169429, ENSG00000148677",277,113,16792,7.510558768,7.15E-05,7.94E-06,7.76E-06,up
LT 3 dpi,GOTERM_BP_DIRECT,GO:0060337,Type I interferon signaling pathway,31,3.16,0,"ENSG00000185507, ENSG00000187608, ENSG00000115415, ENSG00000111335, ENSG00000213928, ENSG00000132530, ENSG00000111331, ENSG00000171855, ENSG00000119922, ENSG00000168310, ENSG00000089127, ENSG00000234745, ENSG00000125347, ENSG00000172183, ENSG00000068079, ENSG00000067066, ENSG00000130303, ENSG00000165949, ENSG00000170581, ENSG00000204264, ENSG00000134321, ENSG00000157601, ENSG00000135114, ENSG00000126709, ENSG00000204642, ENSG00000101347, ENSG00000162645, ENSG00000119917, ENSG00000183486, ENSG00000185885, ENSG00000185745",829,64,16792,9.81,0,0,0,up
LTtr 3 dpi,GOTERM_BP_DIRECT,GO:0060337,Type I interferon signaling pathway,25,3.793626707,9.52E-20,"ENSG00000185507, ENSG00000187608, ENSG00000115415, ENSG00000111335, ENSG00000213928, ENSG00000132530, ENSG00000111331, ENSG00000171855, ENSG00000119922, ENSG00000089127, ENSG00000125347, ENSG00000172183, ENSG00000067066, ENSG00000130303, ENSG00000165949, ENSG00000134321, ENSG00000157601, ENSG00000135114, ENSG00000126709, ENSG00000204642, ENSG00000128604, ENSG00000119917, ENSG00000183486, ENSG00000185885, ENSG00000185745",550,64,16792,11.92613636,2.32E-16,4.74E-17,4.64E-17,up
sT 8 dpi,GOTERM_BP_DIRECT,GO:0060337,Type I interferon signaling pathway,26,3.291139241,5.33E-19,"ENSG00000185507, ENSG00000187608, ENSG00000115415, ENSG00000111335, ENSG00000213928, ENSG00000132530, ENSG00000142089, ENSG00000119922, ENSG00000089127, ENSG00000234745, ENSG00000204632, ENSG00000068079, ENSG00000165949, ENSG00000170581, ENSG00000134321, ENSG00000157601, ENSG00000204525, ENSG00000126709, ENSG00000204642, ENSG00000206503, ENSG00000101347, ENSG00000185201, ENSG00000119917, ENSG00000183486, ENSG00000185885, ENSG00000185745",668,64,16792,10.2122006,1.4E-15,1.4E-15,1.39E-15,down
sT 3 dpi,GOTERM_BP_DIRECT,GO:0060337,Type I interferon signaling pathway,19,4.241071429,8.36E-16,"ENSG00000068079, ENSG00000187608, ENSG00000067066, ENSG00000170581, ENSG00000115415, ENSG00000213928, ENSG00000132530, ENSG00000204592, ENSG00000204525, ENSG00000142089, ENSG00000126709, ENSG00000204642, ENSG00000206503, ENSG00000234745, ENSG00000204632, ENSG00000101347, ENSG00000185201, ENSG00000185885, ENSG00000185745",361,64,16792,13.80921053,1.62E-12,1.53E-12,1.52E-12,down
LT 8 dpi,GOTERM_BP_DIRECT,GO:0030198,Extracellular matrix organization,34,6.378986867,3.76E-17,"ENSG00000137809, ENSG00000108821, ENSG00000130635, ENSG00000134871, ENSG00000172037, ENSG00000060718, ENSG00000139329, ENSG00000137801, ENSG00000122707, ENSG00000196569, ENSG00000197614, ENSG00000135862, ENSG00000171812, ENSG00000187498, ENSG00000080573, ENSG00000164692, ENSG00000049540, ENSG00000130508, ENSG00000122335, ENSG00000138829, ENSG00000149084, ENSG00000197461, ENSG00000140092, ENSG00000142192, ENSG00000138685, ENSG00000204262, ENSG00000113140, ENSG00000144810, ENSG00000185585, ENSG00000113083, ENSG00000188157, ENSG00000091986, ENSG00000142798, ENSG00000011465",461,196,16792,6.318650671,8.07E-14,8.07E-14,8.02E-14,down
LTtr 8 dpi,GOTERM_BP_DIRECT,GO:0030198,Extracellular matrix organization,36,6.909788868,3.82E-19,"ENSG00000103196, ENSG00000137809, ENSG00000108821, ENSG00000106823, ENSG00000130635, ENSG00000134871, ENSG00000172037, ENSG00000060718, ENSG00000139329, ENSG00000137801, ENSG00000122707, ENSG00000196569, ENSG00000197614, ENSG00000135862, ENSG00000154721, ENSG00000187498, ENSG00000080573, ENSG00000164692, ENSG00000049540, ENSG00000130508, ENSG00000122335, ENSG00000138829, ENSG00000197461, ENSG00000077943, ENSG00000133110, ENSG00000140092, ENSG00000138685, ENSG00000204262, ENSG00000157766, ENSG00000113140, ENSG00000144810, ENSG00000164761, ENSG00000188153, ENSG00000113083, ENSG00000091986, ENSG00000142798",455,196,16792,6.778560215,8.59E-16,4.3E-16,4.24E-16,down
LTtr 8 dpi,GOTERM_BP_DIRECT,GO:0007155,Cell adhesion,46,8.829174664,6.71E-14,"ENSG00000112902, ENSG00000204291, ENSG00000137809, ENSG00000108821, ENSG00000111799, ENSG00000130635, ENSG00000198542, ENSG00000172037, ENSG00000134013, ENSG00000137801, ENSG00000116106, ENSG00000196569, ENSG00000135862, ENSG00000164176, ENSG00000148848, ENSG00000186340, ENSG00000138650, ENSG00000168477, ENSG00000165124, ENSG00000167123, ENSG00000143196, ENSG00000140545, ENSG00000125266, ENSG00000198053, ENSG00000123096, ENSG00000173391, ENSG00000077943, ENSG00000154330, ENSG00000133110, ENSG00000198910, ENSG00000112655, ENSG00000074590, ENSG00000189184, ENSG00000154556, ENSG00000157766, ENSG00000113361, ENSG00000253953, ENSG00000144810, ENSG00000163453, ENSG00000144857, ENSG00000138061, ENSG00000166482, ENSG00000142910, ENSG00000185008, ENSG00000140511, ENSG00000144476",455,459,16792,3.698589863,1.51E-10,5.04E-11,4.97E-11,down
LT 8 dpi,GOTERM_BP_DIRECT,GO:0007155,Cell adhesion,44,8.255159475,1.85E-12,"ENSG00000112902, ENSG00000137809, ENSG00000108821, ENSG00000111799, ENSG00000130635, ENSG00000172037, ENSG00000134013, ENSG00000137801, ENSG00000196569, ENSG00000135862, ENSG00000140682, ENSG00000164176, ENSG00000148848, ENSG00000186340, ENSG00000138650, ENSG00000168477, ENSG00000165124, ENSG00000143878, ENSG00000167123, ENSG00000140545, ENSG00000145012, ENSG00000125266, ENSG00000198053, ENSG00000177697, ENSG00000123096, ENSG00000173391, ENSG00000142949, ENSG00000154330, ENSG00000142192, ENSG00000198910, ENSG00000112655, ENSG00000159840, ENSG00000074590, ENSG00000189184, ENSG00000197702, ENSG00000078098, ENSG00000170558, ENSG00000144810, ENSG00000144857, ENSG00000166482, ENSG00000142910, ENSG00000140511, ENSG00000144476, ENSG00000165458",461,459,16792,3.491736728,3.97E-09,1.32E-09,1.31E-09,down
sT 8 dpi,GOTERM_BP_DIRECT,GO:0007155,Cell adhesion,43,5.443037975,4.42E-07,"ENSG00000149294, ENSG00000112902, ENSG00000114948, ENSG00000105711, ENSG00000198542, ENSG00000136235, ENSG00000120708, ENSG00000172037, ENSG00000116106, ENSG00000060656, ENSG00000140682, ENSG00000164176, ENSG00000138650, ENSG00000168477, ENSG00000170989, ENSG00000120896, ENSG00000167123, ENSG00000100842, ENSG00000143196, ENSG00000140545, ENSG00000129009, ENSG00000143153, ENSG00000125266, ENSG00000105664, ENSG00000123096, ENSG00000113805, ENSG00000077943, ENSG00000154330, ENSG00000074590, ENSG00000154556, ENSG00000157766, ENSG00000113361, ENSG00000038427, ENSG00000163453, ENSG00000144857, ENSG00000107282, ENSG00000144152, ENSG00000185565, ENSG00000049130, ENSG00000142910, ENSG00000185008, ENSG00000107562, ENSG00000053747",668,459,16792,2.35495023,0.001159777,0.000387,0.000385,down
sT 8 dpi,GOTERM_BP_DIRECT,GO:0007399,Nervous system development,26,3.291139241,0.000204,"ENSG00000105894, ENSG00000128872, ENSG00000112902, ENSG00000151892, ENSG00000176697, ENSG00000130558, ENSG00000150281, ENSG00000168874, ENSG00000102466, ENSG00000101134, ENSG00000147852, ENSG00000112715, ENSG00000131711, ENSG00000113805, ENSG00000156453, ENSG00000145819, ENSG00000188290, ENSG00000181072, ENSG00000110492, ENSG00000007237, ENSG00000168621, ENSG00000107282, ENSG00000185565, ENSG00000160145, ENSG00000126603, ENSG00000101384",668,287,16792,2.277285151,0.415173731,0.041260432,0.041071741,down
sT 8 dpi,GOTERM_BP_DIRECT,GO:0001525,Angiogenesis,23,2.911392405,8.22E-05,"ENSG00000107731, ENSG00000112715, ENSG00000128165, ENSG00000197461, ENSG00000069667, ENSG00000025708, ENSG00000113578, ENSG00000120708, ENSG00000187091, ENSG00000173511, ENSG00000173821, ENSG00000170989, ENSG00000136451, ENSG00000154928, ENSG00000120899, ENSG00000164107, ENSG00000140545, ENSG00000127329, ENSG00000091129, ENSG00000102554, ENSG00000184304, ENSG00000239697, ENSG00000101384",668,223,16792,2.592680111,0.193918982,0.023951352,0.023841818,down
LTtr 3 dpi,GOTERM_BP_DIRECT,GO:0006915,Apoptotic process,38,5.766312595,5.34E-05,"ENSG00000073111, ENSG00000115415, ENSG00000172059, ENSG00000132530, ENSG00000117676, ENSG00000105290, ENSG00000125347, ENSG00000163568, ENSG00000153094, ENSG00000106144, ENSG00000011332, ENSG00000185634, ENSG00000012048, ENSG00000140464, ENSG00000165304, ENSG00000163545, ENSG00000023445, ENSG00000168918, ENSG00000177595, ENSG00000115008, ENSG00000242114, ENSG00000170542, ENSG00000157601, ENSG00000144655, ENSG00000172936, ENSG00000147889, ENSG00000141682, ENSG00000118503, ENSG00000185880, ENSG00000125538, ENSG00000121858, ENSG00000188313, ENSG00000137393, ENSG00000056558, ENSG00000142856, ENSG00000078900, ENSG00000144354, ENSG00000099849",550,567,16792,2.046163219,0.122168043,0.003948382,0.003862548,up
